CREATE DATABASE  IF NOT EXISTS `emissions` /*!40100 DEFAULT CHARACTER SET utf8mb4 COLLATE utf8mb4_0900_ai_ci */ /*!80016 DEFAULT ENCRYPTION='N' */;
USE `emissions`;
-- MySQL dump 10.13  Distrib 8.0.33, for Win64 (x86_64)
--
-- Host: 127.0.0.1    Database: emissions
-- ------------------------------------------------------
-- Server version	8.0.33

/*!40101 SET @OLD_CHARACTER_SET_CLIENT=@@CHARACTER_SET_CLIENT */;
/*!40101 SET @OLD_CHARACTER_SET_RESULTS=@@CHARACTER_SET_RESULTS */;
/*!40101 SET @OLD_COLLATION_CONNECTION=@@COLLATION_CONNECTION */;
/*!50503 SET NAMES utf8 */;
/*!40103 SET @OLD_TIME_ZONE=@@TIME_ZONE */;
/*!40103 SET TIME_ZONE='+00:00' */;
/*!40014 SET @OLD_UNIQUE_CHECKS=@@UNIQUE_CHECKS, UNIQUE_CHECKS=0 */;
/*!40014 SET @OLD_FOREIGN_KEY_CHECKS=@@FOREIGN_KEY_CHECKS, FOREIGN_KEY_CHECKS=0 */;
/*!40101 SET @OLD_SQL_MODE=@@SQL_MODE, SQL_MODE='NO_AUTO_VALUE_ON_ZERO' */;
/*!40111 SET @OLD_SQL_NOTES=@@SQL_NOTES, SQL_NOTES=0 */;

--
-- Table structure for table `countriesfootprint`
--

DROP TABLE IF EXISTS `countriesfootprint`;
/*!40101 SET @saved_cs_client     = @@character_set_client */;
/*!50503 SET character_set_client = utf8mb4 */;
CREATE TABLE `countriesfootprint` (
  `Country` varchar(45) NOT NULL,
  `Region` text,
  `HDI` double DEFAULT NULL,
  `GDP` text,
  `Cropland_Footprint` text,
  `Grazing_Footprint` text,
  `Forest_Footprint` text,
  `Carbon_Footprint` text,
  `Fish_Footprint` text,
  `Total_Ecological_Footprint` double DEFAULT NULL,
  `Cropland` text,
  `Total_Biocapacity` double DEFAULT NULL,
  `Biocapacity_Deficit_Reserve` double DEFAULT NULL,
  `Earths_Required` double DEFAULT NULL,
  `Countries_Required` double DEFAULT NULL,
  PRIMARY KEY (`Country`)
) ENGINE=InnoDB DEFAULT CHARSET=utf8mb4 COLLATE=utf8mb4_0900_ai_ci;
/*!40101 SET character_set_client = @saved_cs_client */;

--
-- Dumping data for table `countriesfootprint`
--

LOCK TABLES `countriesfootprint` WRITE;
/*!40000 ALTER TABLE `countriesfootprint` DISABLE KEYS */;
INSERT INTO `countriesfootprint` VALUES ('Afghanistan','Middle East/Central Asia',0.46,'$614.66','0.3','0.2','0.08','0.18','0',0.79,'0.24',0.5,-0.3,0.46,1.6),('Albania','Northern/Eastern Europe',0.73,'$4,534.37','0.78','0.22','0.25','0.87','0.02',2.21,'0.55',1.18,-1.03,1.27,1.87),('Algeria','Africa',0.73,'$5,430.57','0.6','0.16','0.17','1.14','0.01',2.12,'0.24',0.59,-1.53,1.22,3.61),('Angola','Africa',0.52,'$4,665.91','0.33','0.15','0.12','0.2','0.09',0.93,'0.2',2.55,1.61,0.54,0.37),('Antigua and Barbuda','Latin America',0.78,'$13,205.10','','','','','',5.38,'',0.94,-4.44,3.11,5.7),('Argentina','Latin America',0.83,'$13,540.00','0.78','0.79','0.29','1.08','0.1',3.14,'2.64',6.92,3.78,1.82,0.45),('Australia','Asia-Pacific',0.93,'$66,604.20','2.68','0.63','0.89','4.85','0.11',9.31,'5.42',16.57,7.26,5.37,0.56),('Austria','European Union',0.88,'$51,274.10','0.82','0.27','0.63','4.14','0.06',6.06,'0.71',3.07,-3,3.5,1.98),('Azerbaijan','Middle East/Central Asia',0.75,'$7,106.04','0.66','0.22','0.11','1.25','0.01',2.31,'0.46',0.85,-1.46,1.33,2.72),('Bangladesh','Asia-Pacific',0.56,'$857.50','0.29','0','0.08','0.26','0.02',0.72,'0.25',0.38,-0.35,0.42,1.92),('Barbados','Latin America',0.79,'$15,722.80','0.56','0.24','0.14','3.28','0.22',4.48,'0.08',0.19,-4.29,2.58,23.79),('Belarus','Northern/Eastern Europe',0.8,'$6,300.45','1.32','0.12','0.91','2.57','0.08',5.09,'1.52',3.64,-1.45,2.94,1.4),('Belgium','European Union',0.89,'$48,053.30','1.15','0.48','0.99','4.43','0.12',7.44,'0.56',1.19,-6.25,4.3,6.27),('Benin','Africa',0.48,'$746.83','0.49','0.04','0.26','0.51','0.08',1.41,'0.44',0.88,-0.53,0.81,1.61),('Bolivia','Latin America',0.65,'$2,253.09','0.37','1.69','0.17','0.67','0.01',2.96,'0.59',16.73,13.77,1.71,0.18),('Bosnia and Herzegovina','Northern/Eastern Europe',0.73,'$4,708.85','0.63','0.27','0.44','1.74','0.02',3.12,'0.3',1.63,-1.49,1.8,1.91),('Brazil','Latin America',0.75,'$13,237.60','0.62','0.85','0.6','0.91','0.04',3.11,'1',9.08,5.97,1.8,0.34),('Bulgaria','European Union',0.78,'$7,615.28','0.6','0.13','0.35','2.08','0.03',3.32,'1.33',2.86,-0.46,1.92,1.16),('Burkina Faso','Africa',0.39,'$671.07','0.47','0.17','0.36','0.12','0.03',1.21,'0.5',0.98,-0.22,0.7,1.23),('Burundi','Africa',0.39,'$276.69','0.21','0.07','0.45','0.04','0',0.8,'0.2',0.32,-0.48,0.46,2.48),('Cameroon','Africa',0.5,'$1,271.21','0.54','0.1','0.21','0.19','0.08',1.17,'0.55',1.69,0.52,0.68,0.69),('Canada','North America',0.91,'$52,145.40','1.46','0.33','1.2','5','0.12',8.17,'3.11',16.01,7.83,4.72,0.51),('Central African Republic','Africa',0.37,'$495.04','0.3','0.55','0.26','0.08','0.02',1.24,'0.29',7.87,6.62,0.72,0.16),('Chad','Africa',0.39,'$1,161.22','0.36','0.75','0.27','0.01','0.01',1.46,'0.35',2.03,0.57,0.84,0.72),('Chile','Latin America',0.83,'$14,525.80','0.61','0.33','0.99','2.04','0.25',4.36,'0.47',3.63,-0.73,2.52,1.2),('China','Asia-Pacific',0.72,'$5,560.94','0.55','0.13','0.19','2.32','0.08',3.38,'0.46',0.94,-2.44,1.95,3.59),('Colombia','Latin America',0.72,'$7,305.22','0.35','0.58','0.16','0.67','0.03',1.87,'0.22',3.6,1.72,1.08,0.52),('Congo','Africa',0.57,'$1,943.69','0.22','0.09','0.38','0.47','0.1',1.29,'0.13',10.91,9.63,0.74,0.12),('Costa Rica','Latin America',0.76,'$8,979.96','0.4','0.21','0.68','1.37','0.08',2.84,'0.38',1.53,-1.31,1.64,1.86),('Croatia','Northern/Eastern Europe',0.82,'$14,522.80','0.74','0.13','0.72','2.21','0.06',3.92,'0.68',2.8,-1.12,2.27,1.4),('Cuba','Latin America',0.77,'$5,175.94','0.48','0.11','0.09','1.23','0.02',1.95,'0.26',0.76,-1.19,1.13,2.56),('Cyprus','European Union',0.85,'$31,454.70','0.77','0.08','0.23','2.94','0.14',4.21,'0.18',0.34,-3.87,2.43,12.35),('Czech Republic (Czechia)','European Union',0.87,'$21,676.30','0.62','0.24','0.74','3.42','0.03',5.19,'0.94',2.46,-2.73,3,2.11),('Denmark','European Union',0.92,'$61,413.60','1.18','0.47','0.77','2.6','0.24',5.51,'2.38',4.78,-0.73,3.18,1.15),('Djibouti','Africa',0.46,'$1,433.17','','','','','',2.19,'',0.77,-1.42,1.27,2.84),('Dominica','Latin America',0.72,'$7,088.01','0.64','0.15','0.14','1.47','0.17',2.57,'0.4',1.03,-1.54,1.49,2.49),('Dominican Republic','Latin America',0.71,'$6,085.89','0.35','0.12','0.12','0.86','0.04',1.53,'0.22',0.56,-0.97,0.88,2.74),('DR Congo','Africa',0.42,'$338.63','0.15','0.01','0.51','0.07','0.01',0.82,'0.13',3.07,2.25,0.47,0.27),('Ecuador','Latin America',0.73,'$5,192.88','0.3','0.3','0.24','1.08','0.18',2.17,'0.32',2.2,0.03,1.25,0.99),('Egypt','Africa',0.69,'$2,930.33','0.68','0.08','0.17','1.02','0.04',2.15,'0.38',0.56,-1.59,1.24,3.86),('El Salvador','Latin America',0.66,'$3,696.33','0.44','0.21','0.4','0.84','0.14',2.07,'0.27',0.61,-1.46,1.2,3.37),('Eritrea','Africa',0.39,'$439.73','0.1','0.18','0.06','0.03','0.01',0.42,'0.07',1.3,0.88,0.24,0.32),('Ethiopia','Africa',0.43,'$379.38','0.31','0.12','0.46','0.07','0',1.02,'0.31',0.58,-0.44,0.59,1.75),('Fiji','Asia-Pacific',0.72,'$4,201.37','0.55','0.2','0.42','1.06','0.62',2.9,'0.28',2.37,-0.52,1.67,1.22),('France','European Union',0.89,'$45,430.30','1.23','0.27','0.53','2.71','0.19',5.14,'1.67',3.11,-2.04,2.97,1.66),('Gambia','Africa',0.44,'$505.76','0.46','0.05','0.2','0.21','0.08',1.03,'0.23',0.82,-0.21,0.6,1.25),('Germany','European Union',0.91,'$46,822.40','1.1','0.14','0.48','3.28','0.05',5.3,'1.23',2.27,-3.02,3.06,2.33),('Ghana','Africa',0.57,'$1,627.90','0.56','0.07','0.65','0.43','0.19',1.97,'0.67',1.35,-0.62,1.14,1.46),('Greece','European Union',0.86,'$25,987.40','1.07','0.35','0.24','2.58','0.08',4.38,'1.01',1.61,-2.77,2.53,2.73),('Guatemala','Latin America',0.62,'$3,233.80','0.37','0.16','0.58','0.7','0.01',1.89,'0.38',0.99,-0.9,1.09,1.91),('Guinea','Africa',0.41,'$459.09','0.39','0.32','0.45','0.16','0.05',1.41,'0.35',2.09,0.68,0.81,0.67),('Guinea-Bissau','Africa',0.42,'$681.25','0.35','0.36','0.67','0.09','0.01',1.53,'0.48',3.03,1.49,0.89,0.51),('Guyana','Latin America',0.63,'$3,269.46','0.7','0.22','0.77','1.25','0.06',3.07,'0.69',66.58,63.51,1.77,0.05),('Haiti','Latin America',0.48,'$749.13','0.27','0.04','0.1','0.15','0.01',0.61,'0.18',0.27,-0.34,0.35,2.28),('Hungary','European Union',0.82,'$13,964.20','0.42','0.08','0.36','1.9','0.02',2.92,'1.28',2.17,-0.75,1.69,1.34),('India','Asia-Pacific',0.6,'$1,513.85','0.34','0.01','0.14','0.61','0.02',1.16,'0.35',0.45,-0.71,0.67,2.55),('Indonesia','Asia-Pacific',0.68,'$3,688.53','0.44','0.03','0.2','0.64','0.21',1.58,'0.46',1.26,-0.32,0.91,1.25),('Ireland','European Union',0.91,'$52,853.60','1.08','0.49','0.46','3.22','0.18',5.57,'0.84',3.73,-1.83,3.21,1.49),('Israel','Middle East/Central Asia',0.89,'$33,718.90','0.89','0.22','0.36','4.59','0.07',6.22,'0.22',0.35,-5.87,3.59,17.59),('Italy','European Union',0.87,'$38,412.00','0.91','0.32','0.42','2.77','0.12',4.61,'0.58',1.08,-3.53,2.66,4.28),('Japan','Asia-Pacific',0.89,'$46,201.60','0.53','0.1','0.27','3.69','0.33',5.02,'0.16',0.72,-4.3,2.9,7.01),('Jordan','Middle East/Central Asia',0.75,'$4,615.17','0.54','0.18','0.17','1.09','0.03',2.1,'0.09',0.21,-1.89,1.21,9.91),('Kenya','Africa',0.54,'$1,062.11','0.25','0.23','0.27','0.2','0.05',1.03,'0.2',0.51,-0.52,0.6,2.02),('Laos','Asia-Pacific',0.56,'$1,236.24','0.57','0.08','0.36','0.09','0.01',1.22,'0.57',1.62,0.4,0.7,0.75),('Latvia','European Union',0.81,'$13,732.00','2.28','0.09','2.02','1.66','0.11',6.29,'3.1',9.55,3.26,3.63,0.66),('Lebanon','Middle East/Central Asia',0.76,'$9,143.86','0.67','0.3','0.25','2.52','0.05',3.84,'0.16',0.33,-3.51,2.22,11.7),('Lithuania','European Union',0.83,'$14,373.70','1.89','0.21','1.28','2.15','0.16',5.83,'3.03',5.67,-0.17,3.37,1.03),('Luxembourg','European Union',0.89,'$114,665.00','1.1','0.76','1.03','12.65','0.13',15.82,'0.57',1.68,-14.14,9.14,9.44),('Madagascar','Africa',0.51,'$456.33','0.27','0.34','0.24','0.07','0.02',0.99,'0.26',2.63,1.64,0.57,0.38),('Malawi','Africa',0.43,'$493.84','0.43','0.05','0.2','0.07','0.01',0.81,'0.45',0.66,-0.15,0.47,1.22),('Mali','Africa',0.41,'$741.22','0.52','0.66','0.17','0.1','0.03',1.53,'0.51',1.58,0.05,0.88,0.97),('Mauritius','Africa',0.77,'$8,811.15','0.52','0.22','0.18','1.99','0.55',3.46,'0.14',0.71,-2.75,2,4.89),('Mexico','Latin America',0.75,'$10,123.90','0.55','0.24','0.25','1.74','0.06',2.89,'0.37',1.27,-1.62,1.67,2.27),('Moldova','Northern/Eastern Europe',0.68,'$1,971.03','0.43','0.08','0.15','1.03','0.06',1.78,'0.59',0.8,-0.98,1.03,2.23),('Montenegro','Northern/Eastern Europe',0.8,'$7,251.60','0.64','0.33','0.62','2.13','0.05',3.78,'0.14',3.24,-0.54,2.19,1.17),('Morocco','Africa',0.62,'$3,149.43','0.6','0.17','0.14','0.67','0.06',1.68,'0.34',0.71,-0.96,0.97,2.35),('Mozambique','Africa',0.41,'$538.82','0.31','0.03','0.29','0.17','0.03',0.87,'0.28',2.06,1.19,0.5,0.42),('Myanmar','Asia-Pacific',0.53,'$1,117.58','0.8','0.01','0.32','0.09','0.1',1.43,'0.88',1.84,0.41,0.83,0.78),('Nepal','Asia-Pacific',0.54,'$700.07','0.43','0.07','0.21','0.16','0',0.98,'0.37',0.59,-0.38,0.56,1.65),('Netherlands','European Union',0.92,'$53,589.90','0.76','0.58','0.38','3.23','0.16',5.28,'0.45',1.17,-4.11,3.05,4.53),('Nicaragua','Latin America',0.63,'$1,626.85','0.34','0.12','0.42','0.45','0.03',1.39,'0.4',2.25,0.87,0.8,0.62),('Niger','Africa',0.34,'$410.91','0.67','0.48','0.26','0.1','0.02',1.56,'0.65',1.24,-0.32,0.9,1.26),('Nigeria','Africa',0.5,'$2,612.12','0.53','0.1','0.19','0.21','0.08',1.16,'0.5',0.7,-0.47,0.67,1.67),('North Macedonia','Northern/Eastern Europe',0.74,'$5,174.89','0.62','0.21','0.31','2.06','0.03',3.26,'0.38',1.51,-1.75,1.88,2.16),('Norway','Northern/Eastern Europe',0.94,'$100,172.00','','','','','',4.98,'',8.18,3.19,2.88,0.61),('Pakistan','Asia-Pacific',0.53,'$1,218.60','0.27','0.01','0.08','0.38','0.02',0.79,'0.26',0.35,-0.44,0.46,2.28),('Peru','Latin America',0.73,'$5,684.73','0.5','0.51','0.19','0.67','0.33',2.28,'0.36',3.97,1.69,1.32,0.57),('Philippines','Asia-Pacific',0.66,'$2,379.44','0.36','0.03','0.09','0.34','0.23',1.1,'0.32',0.54,-0.56,0.64,2.03),('Poland','European Union',0.84,'$13,769.50','0.84','0.04','0.78','2.64','0.05',4.44,'1.05',2.08,-2.36,2.57,2.14),('Portugal','European Union',0.83,'$23,217.30','1.03','0.25','0.09','2.15','0.31',3.88,'0.47',1.51,-2.37,2.24,2.57),('Romania','European Union',0.79,'$9,213.94','0.72','0.05','0.33','1.46','0.03',2.71,'0.87',2.32,-0.39,1.56,1.17),('Russia','Northern/Eastern Europe',0.79,'$13,320.20','0.77','0.15','0.67','3.87','0.19',5.69,'0.85',6.79,1.1,3.29,0.84),('Rwanda','Africa',0.48,'$628.08','0.43','0.05','0.25','0.07','0.01',0.87,'0.42',0.54,-0.32,0.5,1.6),('Senegal','Africa',0.46,'$1,079.27','0.34','0.21','0.21','0.3','0.12',1.21,'0.21',1.05,-0.16,0.7,1.16),('Serbia','Northern/Eastern Europe',0.76,'$6,426.18','0.49','0.02','0.46','1.66','0.02',2.7,'0.73',1.25,-1.44,1.56,2.15),('Sierra Leone','Africa',0.4,'$499.89','0.47','0.11','0.38','0.07','0.15',1.24,'0.42',1.24,0,0.71,1),('Singapore','Asia-Pacific',0.91,'$53,122.40','0.67','0.24','0.91','5.91','0.22',7.97,'0',0.05,-7.92,4.61,159.47),('Slovakia','European Union',0.84,'$18,103.10','0.31','0.08','0.72','2.82','0.03',4.06,'0.71',2.71,-1.35,2.35,1.5),('Slovenia','European Union',0.88,'$25,040.50','0.64','0.17','0.65','4.27','0.05',5.81,'0.37',2.35,-3.47,3.36,2.48),('South Africa','Africa',0.66,'$8,089.87','0.44','0.11','0.29','2.34','0.08',3.31,'0.35',1.15,-2.16,1.91,2.87),('South Korea','Asia-Pacific',0.89,'$24,155.80','0.71','0.12','0.21','4.17','0.41',5.69,'0.13',0.68,-5.01,3.29,8.36),('Spain','European Union',0.87,'$32,008.70','0.78','0.15','0.17','2.22','0.32',3.67,'0.72',1.25,-2.42,2.12,2.94),('Sri Lanka','Asia-Pacific',0.75,'$2,880.03','0.31','0.01','0.16','0.52','0.27',1.32,'0.26',0.44,-0.88,0.77,3.01),('St. Vincent & Grenadines','Latin America',0.72,'$6,171.48','','','','','',3.11,'',1.26,-1.85,1.79,2.47),('Sweden','European Union',0.9,'$59,381.90','1.47','0.27','1.3','3.88','0.09',7.25,'1.31',10.62,3.38,4.19,0.68),('Switzerland','Northern/Eastern Europe',0.93,'$88,506.20','0.75','0.22','0.38','4.26','0.07',5.79,'0.32',1.3,-4.48,3.34,4.44),('Syria','Middle East/Central Asia',0.62,'','0.52','0.09','0.04','0.81','0.01',1.51,'0.41',0.6,-0.91,0.87,2.5),('Tajikistan','Middle East/Central Asia',0.62,'$836.17','0.46','0.14','0.1','0.13','0',0.91,'0.29',0.53,-0.38,0.52,1.71),('Tanzania','Africa',0.51,'$765.33','0.44','0.34','0.23','0.17','0.09',1.32,'0.46',1.08,-0.24,0.76,1.23),('Thailand','Asia-Pacific',0.72,'$5,479.29','0.67','0.02','0.24','1.54','0.13',2.66,'0.77',1.24,-1.42,1.54,2.14),('Togo','Africa',0.47,'$580.86','0.34','0.1','0.27','0.31','0.08',1.13,'0.34',0.53,-0.6,0.65,2.13),('Tunisia','Africa',0.72,'$4,305.07','0.76','0.09','0.28','1.11','0.06',2.34,'0.53',0.93,-1.4,1.35,2.51),('Turkey','Middle East/Central Asia',0.76,'$10,437.70','0.87','0.12','0.34','1.92','0.04',3.33,'0.75',1.52,-1.81,1.92,2.19),('Turkmenistan','Middle East/Central Asia',0.68,'$5,290.14','0.73','0.44','0.08','4.13','0.01',5.47,'0.6',2.79,-2.68,3.16,1.96),('Uganda','Africa',0.48,'$601.35','0.34','0.15','0.54','0.08','0.11',1.24,'0.35',0.59,-0.66,0.72,2.12),('Ukraine','Northern/Eastern Europe',0.74,'$3,589.63','0.62','0.01','0.16','1.92','0.06',2.84,'1.5',2.27,-0.58,1.64,1.25),('United Arab Emirates','Middle East/Central Asia',0.83,'$40,817.40','0.8','0.19','0.38','6.37','0.19',7.93,'0.02',0.56,-7.37,4.58,14.1607142857143),('United Kingdom','European Union',0.9,'$40,980.50','0.82','0.28','0.45','3.14','0.08',4.94,'0.6',1.32,-3.62,2.85,3.76),('United States','North America',0.91,'$49,725.00','1.13','0.3','0.67','5.9','0.12',8.22,'1.49',3.76,-4.46,4.75,2.19),('Uzbekistan','Middle East/Central Asia',0.67,'$1,560.85','0.62','0.13','0.08','1.41','0',2.32,'0.56',0.92,-1.4,1.34,2.52),('Venezuela','Latin America',0.763846,'$10,237.80','0.45','0.74','0.12','2.13','0.09',3.57,'0.14',2.78,-0.79,2.06,1.28),('Vietnam','Asia-Pacific',0.66,'$1,532.31','0.5','0.01','0.19','0.79','0.05',1.65,'0.55',1,-0.65,0.95,1.66),('Yemen','Middle East/Central Asia',0.5,'$1,302.30','0.34','0.14','0.04','0.42','0.04',1.03,'0.09',0.5,-0.53,0.59,2.06),('Zambia','Africa',0.58,'$1,740.64','0.19','0.18','0.33','0.24','0.01',0.99,'0.24',2.23,1.24,0.57,0.44),('Zimbabwe','Africa',0.49,'$865.91','0.2','0.32','0.29','0.53','0.01',1.37,'0.15',0.62,-0.75,0.79,2.2);
/*!40000 ALTER TABLE `countriesfootprint` ENABLE KEYS */;
UNLOCK TABLES;

--
-- Table structure for table `emissiontable`
--

DROP TABLE IF EXISTS `emissiontable`;
/*!40101 SET @saved_cs_client     = @@character_set_client */;
/*!50503 SET character_set_client = utf8mb4 */;
CREATE TABLE `emissiontable` (
  `#` int DEFAULT NULL,
  `Country` varchar(45) NOT NULL,
  `CO2_Emissions` text,
  `Year_Change` text,
  `Population` text,
  `Percapita` double DEFAULT NULL,
  `Shareofworld` text,
  PRIMARY KEY (`Country`),
  KEY `Country_idx` (`Country`)
) ENGINE=InnoDB DEFAULT CHARSET=utf8mb4 COLLATE=utf8mb4_0900_ai_ci;
/*!40101 SET character_set_client = @saved_cs_client */;

--
-- Dumping data for table `emissiontable`
--

LOCK TABLES `emissiontable` WRITE;
/*!40000 ALTER TABLE `emissiontable` DISABLE KEYS */;
INSERT INTO `emissiontable` VALUES (102,'Afghanistan','9,900,004','7.13%','35,383,032',0.28,'0.03%'),(130,'Albania','5,208,319','4.45%','2,886,438',1.8,'0.01%'),(35,'Algeria','156,220,560','0.17%','40,551,392',3.85,'0.44%'),(75,'Angola','30,566,933','3.13%','28,842,489',1.06,'0.09%'),(205,'Anguilla','30,262','1.52%','14,429',2.1,'0.00%'),(182,'Antigua and Barbuda','438,763','1.51%','94,527',4.64,'0.00%'),(30,'Argentina','200,708,270','0.16%','43,508,460',4.61,'0.56%'),(132,'Armenia','4,597,845','3.06%','2,936,143',1.57,'0.01%'),(188,'Aruba','286,871','1.51%','104,872',2.74,'0.00%'),(14,'Australia','414,988,700','-0.98%','24,262,712',17.1,'1.16%'),(49,'Austria','73,764,112','1.54%','8,747,301',8.43,'0.21%'),(73,'Azerbaijan','33,614,235','-0.41%','9,736,043',3.45,'0.09%'),(134,'Bahamas','4,404,247','1.51%','377,930',11.65,'0.01%'),(80,'Bahrain','24,458,384','2.50%','1,425,792',17.15,'0.07%'),(48,'Bangladesh','74,476,230','4.50%','157,977,153',0.47,'0.21%'),(160,'Barbados','1,541,447','1.88%','285,796',5.39,'0.00%'),(52,'Belarus','62,655,669','4.90%','9,445,643',6.63,'0.18%'),(41,'Belgium','94,722,813','1.53%','11,354,420',8.34,'0.26%'),(168,'Belize','1,114,105','1.51%','368,400',3.02,'0.00%'),(120,'Benin','6,563,709','4.13%','10,872,063',0.6,'0.02%'),(175,'Bermuda','639,352','1.51%','63,362',10.09,'0.00%'),(157,'Bhutan','1,682,100','6.14%','736,708',2.28,'0.00%'),(85,'Bolivia','19,463,728','2.03%','11,031,814',1.76,'0.05%'),(78,'Bosnia and Herzegovina','25,674,120','0.86%','3,386,266',7.58,'0.07%'),(123,'Botswana','6,438,429','-3.74%','2,159,927',2.98,'0.02%'),(12,'Brazil','462,994,920','-6.08%','206,163,053',2.25,'1.29%'),(197,'British Virgin Islands','99,762','1.51%','29,355',3.4,'0.00%'),(115,'Brunei','7,672,127','3.54%','419,800',18.28,'0.02%'),(59,'Bulgaria','50,872,910','-6.00%','7,151,953',7.11,'0.14%'),(147,'Burkina Faso','2,352,070','3.14%','18,646,357',0.13,'0.01%'),(169,'Burundi','1,093,618','2.81%','10,487,995',0.1,'0.00%'),(101,'Côte d\'Ivoire','10,056,492','1.16%','23,822,714',0.42,'0.03%'),(198,'Cabo Verde','99,687','2.59%','531,146',0.19,'0.00%'),(122,'Cambodia','6,496,958','7.68%','15,766,292',0.41,'0.02%'),(104,'Cameroon','9,454,331','2.21%','23,926,551',0.4,'0.03%'),(7,'Canada','675,918,610','-1.00%','36,382,944',18.58,'1.89%'),(183,'Cayman Islands','406,057','1.52%','62,569',6.49,'0.00%'),(179,'Central African Republic','543,229','2.57%','4,537,686',0.12,'0.00%'),(158,'Chad','1,670,941','2.14%','14,561,660',0.11,'0.00%'),(44,'Chile','81,258,525','5.33%','18,209,068',4.46,'0.23%'),(1,'China','10,432,751,400','-0.28%','1,414,049,351',7.38,'29.18%'),(47,'Colombia','77,667,594','-0.84%','48,175,052',1.61,'0.22%'),(196,'Comoros','108,422','2.58%','795,592',0.14,'0.00%'),(129,'Congo','5,212,302','1.63%','4,980,996',1.05,'0.01%'),(204,'Cook Islands','37,354','7.19%','17,524',2.13,'0.00%'),(110,'Costa Rica','8,328,890','2.16%','4,899,345',1.7,'0.02%'),(86,'Croatia','19,408,194','3.02%','4,208,602',4.61,'0.05%'),(76,'Cuba','30,389,116','1.65%','11,335,104',2.68,'0.08%'),(117,'Cyprus','6,872,427','3.73%','1,170,187',5.87,'0.02%'),(37,'Czech Republic (Czechia)','111,825,428','1.39%','10,618,857',10.53,'0.31%'),(70,'Denmark','38,007,645','5.23%','5,711,349',6.65,'0.11%'),(161,'Djibouti','1,508,851','2.97%','929,112',1.62,'0.00%'),(193,'Dominica','185,767','1.51%','71,307',2.61,'0.00%'),(81,'Dominican Republic','23,466,740','2.88%','10,397,741',2.26,'0.07%'),(119,'DR Congo','6,564,773','3.77%','78,789,127',0.08,'0.02%'),(66,'Ecuador','40,065,690','-4.85%','16,491,116',2.43,'0.11%'),(27,'Egypt','219,377,350','4.72%','94,447,073',2.32,'0.61%'),(118,'El Salvador','6,853,766','0.45%','6,356,143',1.08,'0.02%'),(151,'Equatorial Guinea','2,156,371','0.00%','1,215,180',1.77,'0.01%'),(173,'Eritrea','684,140','4.79%','3,376,557',0.2,'0.00%'),(83,'Estonia','22,402,414','1.01%','1,316,510',17.02,'0.06%'),(174,'Eswatini','657,572','2.61%','1,113,997',0.59,'0.00%'),(98,'Ethiopia','10,438,855','4.03%','103,603,462',0.1,'0.03%'),(208,'Faeroe Islands','1,953','0.60%','48,173',0.04,'0.00%'),(202,'Falkland Islands','48,568','1.51%','2,928',16.59,'0.00%'),(156,'Fiji','1,703,193','7.28%','872,399',1.95,'0.00%'),(57,'Finland','51,183,960','3.62%','5,497,713',9.31,'0.14%'),(19,'France','331,533,320','2.11%','64,667,596',5.13,'0.93%'),(162,'French Guiana','1,473,719','1.73%','267,821',5.5,'0.00%'),(170,'French Polynesia','1,003,249','7.18%','274,575',3.65,'0.00%'),(127,'Gabon','5,694,208','1.12%','2,007,873',2.84,'0.02%'),(189,'Gambia','254,127','2.59%','2,149,136',0.12,'0.00%'),(109,'Georgia','8,610,414','2.94%','4,015,450',2.14,'0.02%'),(6,'Germany','775,752,190','1.28%','82,193,768',9.44,'2.17%'),(94,'Ghana','14,469,986','3.54%','28,481,945',0.51,'0.04%'),(177,'Gibraltar','572,708','3.53%','33,737',16.98,'0.00%'),(50,'Greece','67,840,662','-3.47%','10,615,185',6.39,'0.19%'),(209,'Greenland','1,530','0.86%','56,412',0.03,'0.00%'),(178,'Grenada','554,848','1.51%','110,261',5.03,'0.00%'),(146,'Guadeloupe','2,478,038','1.84%','399,763',6.2,'0.01%'),(88,'Guatemala','18,539,316','2.42%','16,583,076',1.12,'0.05%'),(154,'Guinea','2,071,798','3.20%','11,738,429',0.18,'0.01%'),(186,'Guinea-Bissau','318,706','2.59%','1,782,438',0.18,'0.00%'),(139,'Guyana','3,253,057','1.61%','771,368',4.22,'0.01%'),(142,'Haiti','3,086,897','1.71%','10,839,970',0.28,'0.01%'),(105,'Honduras','9,320,279','2.25%','9,270,795',1.01,'0.03%'),(62,'Hong Kong','47,066,386','1.23%','7,243,542',6.5,'0.13%'),(58,'Hungary','51,018,899','2.16%','9,752,975',5.23,'0.14%'),(137,'Iceland','3,923,884','1.62%','332,206',11.81,'0.01%'),(3,'India','2,533,638,100','4.71%','1,324,517,249',1.91,'7.09%'),(10,'Indonesia','530,035,650','6.41%','261,556,381',2.03,'1.48%'),(8,'Iran','642,560,030','2.22%','79,563,989',8.08,'1.80%'),(34,'Iraq','162,646,160','1.22%','36,610,632',4.44,'0.45%'),(68,'Ireland','39,086,565','5.09%','4,695,779',8.32,'0.11%'),(51,'Israel','65,201,588','-0.38%','8,108,985',8.04,'0.18%'),(18,'Italy','358,139,550','0.84%','60,663,060',5.9,'1.00%'),(107,'Jamaica','8,946,575','1.82%','2,906,236',3.08,'0.03%'),(5,'Japan','1,239,592,060','-1.21%','127,763,265',9.7,'3.47%'),(82,'Jordan','22,772,370','1.83%','9,554,286',2.38,'0.06%'),(26,'Kazakhstan','231,919,540','1.64%','17,830,901',13.01,'0.65%'),(91,'Kenya','16,334,919','3.60%','49,051,534',0.33,'0.05%'),(201,'Kiribati','52,818','7.18%','112,524',0.47,'0.00%'),(39,'Kuwait','101,492,225','1.36%','3,956,875',25.65,'0.28%'),(116,'Kyrgyzstan','6,941,784','2.53%','6,074,330',1.14,'0.02%'),(133,'Laos','4,531,276','7.92%','6,845,846',0.66,'0.01%'),(113,'Latvia','8,157,157','3.41%','1,974,266',4.13,'0.02%'),(84,'Lebanon','21,863,288','1.95%','6,714,281',3.26,'0.06%'),(187,'Lesotho','318,438','2.58%','2,075,030',0.15,'0.00%'),(171,'Liberia','846,658','3.49%','4,586,787',0.18,'0.00%'),(56,'Libya','52,696,075','1.52%','6,492,162',8.12,'0.15%'),(95,'Lithuania','13,685,264','2.66%','2,889,557',4.74,'0.04%'),(99,'Luxembourg','10,144,632','3.45%','579,264',17.51,'0.03%'),(141,'Macao','3,106,518','7.19%','612,836',5.07,'0.01%'),(143,'Madagascar','3,026,047','2.85%','24,894,370',0.12,'0.01%'),(155,'Malawi','1,815,598','3.26%','17,205,261',0.11,'0.01%'),(23,'Malaysia','266,251,542','6.54%','30,684,654',8.68,'0.74%'),(166,'Maldives','1,233,015','7.19%','475,512',2.59,'0.00%'),(159,'Mali','1,606,421','2.57%','17,965,443',0.09,'0.00%'),(150,'Malta','2,257,870','3.48%','436,097',5.18,'0.01%'),(144,'Martinique','2,715,477','1.72%','376,791',7.21,'0.01%'),(145,'Mauritania','2,564,345','3.32%','4,163,533',0.62,'0.01%'),(140,'Mauritius','3,192,307','0.00%','1,261,865',2.53,'0.01%'),(13,'Mexico','441,412,750','-2.13%','123,333,376',3.58,'1.23%'),(111,'Moldova','8,258,774','2.99%','4,066,009',2.03,'0.02%'),(87,'Mongolia','18,574,260','18.09%','3,056,364',6.08,'0.05%'),(92,'Montenegro','16,249,039','2.27%','627,264',25.9,'0.05%'),(54,'Morocco','57,694,464','0.54%','35,126,283',1.64,'0.16%'),(126,'Mozambique','5,859,171','2.22%','27,829,938',0.21,'0.02%'),(90,'Myanmar','16,701,776','5.61%','53,045,201',0.31,'0.05%'),(138,'Namibia','3,901,830','4.42%','2,358,044',1.65,'0.01%'),(114,'Nepal','7,833,787','10.10%','27,263,433',0.29,'0.02%'),(33,'Netherlands','163,419,285','1.63%','16,981,295',9.62,'0.46%'),(148,'New Caledonia','2,338,717','7.22%','274,191',8.53,'0.01%'),(74,'New Zealand','33,276,202','-0.14%','4,659,265',7.14,'0.09%'),(128,'Nicaragua','5,325,447','1.86%','6,303,974',0.84,'0.01%'),(153,'Niger','2,088,475','0.15%','20,788,798',0.1,'0.01%'),(43,'Nigeria','82,634,214','0.70%','185,960,241',0.44,'0.23%'),(53,'North Korea','58,708,734','19.49%','25,307,665',2.32,'0.16%'),(108,'North Macedonia','8,896,732','1.62%','2,080,743',4.28,'0.02%'),(64,'Norway','43,456,012','0.85%','5,250,949',8.28,'0.12%'),(42,'Oman','87,835,773','2.09%','4,479,219',19.61,'0.25%'),(31,'Pakistan','178,013,820','9.13%','203,631,353',0.87,'0.50%'),(203,'Palau','41,732','7.19%','17,725',2.35,'0.00%'),(97,'Panama','11,599,764','2.37%','4,037,078',2.87,'0.03%'),(106,'Papua New Guinea','9,086,988','7.09%','8,271,762',1.1,'0.03%'),(125,'Paraguay','5,998,469','1.97%','6,777,872',0.89,'0.02%'),(55,'Peru','57,692,879','8.16%','30,926,032',1.87,'0.16%'),(36,'Philippines','126,922,662','12.37%','103,663,816',1.22,'0.35%'),(20,'Poland','296,659,670','2.67%','37,989,220',7.81,'0.83%'),(60,'Portugal','50,142,844','-2.36%','10,325,538',4.86,'0.14%'),(172,'Puerto Rico','712,758','1.71%','3,283,125',0.22,'0.00%'),(40,'Qatar','98,990,085','1.79%','2,654,374',37.29,'0.28%'),(167,'Réunion','1,132,331','3.55%','869,743',1.3,'0.00%'),(46,'Romania','78,770,824','1.69%','19,796,285',3.98,'0.22%'),(4,'Russia','1,661,899,300','-2.13%','145,275,383',11.44,'4.65%'),(163,'Rwanda','1,403,087','2.88%','11,668,827',0.12,'0.00%'),(206,'Saint Helena','13,128','2.62%','5,956',2.2,'0.00%'),(192,'Saint Kitts & Nevis','203,036','1.51%','51,625',3.93,'0.00%'),(176,'Saint Lucia','608,182','1.51%','180,024',3.38,'0.00%'),(207,'Saint Pierre & Miquelon','8,842','1.51%','5,934',1.49,'0.00%'),(194,'Samoa','169,939','7.18%','194,535',0.87,'0.00%'),(200,'Sao Tome & Principe','56,185','2.60%','203,227',0.28,'0.00%'),(11,'Saudi Arabia','517,079,407','0.92%','32,443,447',15.94,'1.45%'),(112,'Senegal','8,247,295','3.69%','14,993,519',0.55,'0.02%'),(65,'Serbia','41,168,059','2.27%','8,853,963',4.65,'0.12%'),(180,'Seychelles','519,693','2.62%','95,710',5.43,'0.00%'),(164,'Sierra Leone','1,272,332','3.43%','7,328,834',0.17,'0.00%'),(61,'Singapore','48,381,759','2.56%','5,653,634',8.56,'0.14%'),(71,'Slovakia','36,817,242','1.74%','5,442,003',6.77,'0.10%'),(93,'Slovenia','14,722,601','2.35%','2,074,210',7.1,'0.04%'),(185,'Solomon Islands','341,748','7.18%','619,438',0.55,'0.00%'),(165,'Somalia','1,268,442','2.57%','14,185,636',0.09,'0.00%'),(15,'South Africa','390,557,850','-0.49%','56,207,646',6.95,'1.09%'),(9,'South Korea','604,043,830','0.45%','50,983,457',11.85,'1.69%'),(136,'South Sudan','4,038,496','4.18%','10,832,518',0.37,'0.01%'),(24,'Spain','251,892,320','-3.12%','46,634,140',5.4,'0.70%'),(89,'Sri Lanka','18,454,691','8.55%','21,021,171',0.88,'0.05%'),(184,'St. Vincent & Grenadines','362,414','1.51%','109,459',3.31,'0.00%'),(96,'Sudan','13,294,106','4.18%','39,847,439',0.33,'0.04%'),(152,'Suriname','2,152,933','0.32%','564,888',3.81,'0.01%'),(63,'Sweden','44,694,415','4.33%','9,836,007',4.54,'0.13%'),(67,'Switzerland','39,666,930','-2.30%','8,379,917',4.73,'0.11%'),(69,'Syria','38,054,696','1.78%','17,465,575',2.18,'0.11%'),(21,'Taiwan','276,724,868','1.91%','23,618,200',11.72,'0.77%'),(124,'Tajikistan','6,049,757','3.37%','8,663,579',0.7,'0.02%'),(103,'Tanzania','9,731,560','2.50%','53,049,230',0.18,'0.03%'),(22,'Thailand','271,040,160','1.55%','68,971,308',3.93,'0.76%'),(181,'Timor-Leste','495,687','4.63%','1,219,288',0.41,'0.00%'),(149,'Togo','2,321,546','5.47%','7,509,951',0.31,'0.01%'),(190,'Tonga','251,375','7.19%','101,133',2.49,'0.00%'),(72,'Trinidad and Tobago','34,974,263','-5.92%','1,377,560',25.39,'0.10%'),(77,'Tunisia','29,395,965','0.82%','11,303,945',2.6,'0.08%'),(16,'Turkey','368,122,740','5.25%','79,827,871',4.61,'1.03%'),(45,'Turkmenistan','79,279,216','0.63%','5,662,368',14,'0.22%'),(199,'Turks and Caicos','65,451','1.52%','36,559',1.79,'0.00%'),(131,'Uganda','5,009,493','3.82%','39,649,166',0.13,'0.01%'),(25,'Ukraine','233,220,080','8.03%','44,713,702',5.22,'0.65%'),(28,'United Arab Emirates','218,788,684','4.43%','9,360,980',23.37,'0.61%'),(17,'United Kingdom','367,860,350','-6.38%','66,297,944',5.55,'1.03%'),(2,'United States','5,011,686,600','-2.01%','323,015,995',15.52,'14.02%'),(121,'Uruguay','6,508,013','1.91%','3,424,129',1.9,'0.02%'),(38,'Uzbekistan','109,347,340','1.60%','31,441,751',3.48,'0.31%'),(195,'Vanuatu','137,706','7.18%','278,330',0.49,'0.00%'),(32,'Venezuela','175,884,256','-1.90%','29,851,255',5.89,'0.49%'),(29,'Vietnam','206,042,140','0.09%','93,640,422',2.2,'0.58%'),(191,'Western Sahara','207,592','2.61%','538,749',0.39,'0.00%'),(79,'Yemen','25,647,990','1.62%','27,168,208',0.94,'0.07%'),(135,'Zambia','4,230,584','3.67%','16,363,458',0.26,'0.01%'),(100,'Zimbabwe','10,062,628','-4.17%','14,030,331',0.72,'0.03%');
/*!40000 ALTER TABLE `emissiontable` ENABLE KEYS */;
UNLOCK TABLES;

--
-- Table structure for table `mergedtable`
--

DROP TABLE IF EXISTS `mergedtable`;
/*!40101 SET @saved_cs_client     = @@character_set_client */;
/*!50503 SET character_set_client = utf8mb4 */;
CREATE TABLE `mergedtable` (
  `Country` varchar(45) NOT NULL,
  `Region` text,
  `HDI` double DEFAULT NULL,
  `GDP` text,
  `Cropland_Footprint` text,
  `Grazing_Footprint` text,
  `Forest_Footprint` text,
  `Carbon_Footprint` text,
  `Fish_Footprint` text,
  `Total_Ecological_Footprint` double DEFAULT NULL,
  `Cropland` text,
  `Total_Biocapacity` double DEFAULT NULL,
  `Biocapacity_Deficit_Reserve` double DEFAULT NULL,
  `Earths_Required` double DEFAULT NULL,
  `Countries_Required` double DEFAULT NULL,
  `CO2_Emissions` text,
  `Population` text,
  `Year_Change` text,
  `Percapita` double DEFAULT NULL,
  `Shareofworld` text
) ENGINE=InnoDB DEFAULT CHARSET=utf8mb4 COLLATE=utf8mb4_0900_ai_ci;
/*!40101 SET character_set_client = @saved_cs_client */;

--
-- Dumping data for table `mergedtable`
--

LOCK TABLES `mergedtable` WRITE;
/*!40000 ALTER TABLE `mergedtable` DISABLE KEYS */;
INSERT INTO `mergedtable` VALUES ('Afghanistan','Middle East/Central Asia',0.46,'$614.66','0.3','0.2','0.08','0.18','0',0.79,'0.24',0.5,-0.3,0.46,1.6,'9,900,004','35,383,032','7.13%',0.28,'0.03%'),('Albania','Northern/Eastern Europe',0.73,'$4,534.37','0.78','0.22','0.25','0.87','0.02',2.21,'0.55',1.18,-1.03,1.27,1.87,'5,208,319','2,886,438','4.45%',1.8,'0.01%'),('Algeria','Africa',0.73,'$5,430.57','0.6','0.16','0.17','1.14','0.01',2.12,'0.24',0.59,-1.53,1.22,3.61,'156,220,560','40,551,392','0.17%',3.85,'0.44%'),('Angola','Africa',0.52,'$4,665.91','0.33','0.15','0.12','0.2','0.09',0.93,'0.2',2.55,1.61,0.54,0.37,'30,566,933','28,842,489','3.13%',1.06,'0.09%'),('Antigua and Barbuda','Latin America',0.78,'$13,205.10','','','','','',5.38,'',0.94,-4.44,3.11,5.7,'438,763','94,527','1.51%',4.64,'0.00%'),('Argentina','Latin America',0.83,'$13,540.00','0.78','0.79','0.29','1.08','0.1',3.14,'2.64',6.92,3.78,1.82,0.45,'200,708,270','43,508,460','0.16%',4.61,'0.56%'),('Australia','Asia-Pacific',0.93,'$66,604.20','2.68','0.63','0.89','4.85','0.11',9.31,'5.42',16.57,7.26,5.37,0.56,'414,988,700','24,262,712','-0.98%',17.1,'1.16%'),('Austria','European Union',0.88,'$51,274.10','0.82','0.27','0.63','4.14','0.06',6.06,'0.71',3.07,-3,3.5,1.98,'73,764,112','8,747,301','1.54%',8.43,'0.21%'),('Azerbaijan','Middle East/Central Asia',0.75,'$7,106.04','0.66','0.22','0.11','1.25','0.01',2.31,'0.46',0.85,-1.46,1.33,2.72,'33,614,235','9,736,043','-0.41%',3.45,'0.09%'),('Bangladesh','Asia-Pacific',0.56,'$857.50','0.29','0','0.08','0.26','0.02',0.72,'0.25',0.38,-0.35,0.42,1.92,'74,476,230','157,977,153','4.50%',0.47,'0.21%'),('Barbados','Latin America',0.79,'$15,722.80','0.56','0.24','0.14','3.28','0.22',4.48,'0.08',0.19,-4.29,2.58,23.79,'1,541,447','285,796','1.88%',5.39,'0.00%'),('Belarus','Northern/Eastern Europe',0.8,'$6,300.45','1.32','0.12','0.91','2.57','0.08',5.09,'1.52',3.64,-1.45,2.94,1.4,'62,655,669','9,445,643','4.90%',6.63,'0.18%'),('Belgium','European Union',0.89,'$48,053.30','1.15','0.48','0.99','4.43','0.12',7.44,'0.56',1.19,-6.25,4.3,6.27,'94,722,813','11,354,420','1.53%',8.34,'0.26%'),('Benin','Africa',0.48,'$746.83','0.49','0.04','0.26','0.51','0.08',1.41,'0.44',0.88,-0.53,0.81,1.61,'6,563,709','10,872,063','4.13%',0.6,'0.02%'),('Bolivia','Latin America',0.65,'$2,253.09','0.37','1.69','0.17','0.67','0.01',2.96,'0.59',16.73,13.77,1.71,0.18,'19,463,728','11,031,814','2.03%',1.76,'0.05%'),('Bosnia and Herzegovina','Northern/Eastern Europe',0.73,'$4,708.85','0.63','0.27','0.44','1.74','0.02',3.12,'0.3',1.63,-1.49,1.8,1.91,'25,674,120','3,386,266','0.86%',7.58,'0.07%'),('Brazil','Latin America',0.75,'$13,237.60','0.62','0.85','0.6','0.91','0.04',3.11,'1',9.08,5.97,1.8,0.34,'462,994,920','206,163,053','-6.08%',2.25,'1.29%'),('Bulgaria','European Union',0.78,'$7,615.28','0.6','0.13','0.35','2.08','0.03',3.32,'1.33',2.86,-0.46,1.92,1.16,'50,872,910','7,151,953','-6.00%',7.11,'0.14%'),('Burkina Faso','Africa',0.39,'$671.07','0.47','0.17','0.36','0.12','0.03',1.21,'0.5',0.98,-0.22,0.7,1.23,'2,352,070','18,646,357','3.14%',0.13,'0.01%'),('Burundi','Africa',0.39,'$276.69','0.21','0.07','0.45','0.04','0',0.8,'0.2',0.32,-0.48,0.46,2.48,'1,093,618','10,487,995','2.81%',0.1,'0.00%'),('Cameroon','Africa',0.5,'$1,271.21','0.54','0.1','0.21','0.19','0.08',1.17,'0.55',1.69,0.52,0.68,0.69,'9,454,331','23,926,551','2.21%',0.4,'0.03%'),('Canada','North America',0.91,'$52,145.40','1.46','0.33','1.2','5','0.12',8.17,'3.11',16.01,7.83,4.72,0.51,'675,918,610','36,382,944','-1.00%',18.58,'1.89%'),('Central African Republic','Africa',0.37,'$495.04','0.3','0.55','0.26','0.08','0.02',1.24,'0.29',7.87,6.62,0.72,0.16,'543,229','4,537,686','2.57%',0.12,'0.00%'),('Chad','Africa',0.39,'$1,161.22','0.36','0.75','0.27','0.01','0.01',1.46,'0.35',2.03,0.57,0.84,0.72,'1,670,941','14,561,660','2.14%',0.11,'0.00%'),('Chile','Latin America',0.83,'$14,525.80','0.61','0.33','0.99','2.04','0.25',4.36,'0.47',3.63,-0.73,2.52,1.2,'81,258,525','18,209,068','5.33%',4.46,'0.23%'),('China','Asia-Pacific',0.72,'$5,560.94','0.55','0.13','0.19','2.32','0.08',3.38,'0.46',0.94,-2.44,1.95,3.59,'10,432,751,400','1,414,049,351','-0.28%',7.38,'29.18%'),('Colombia','Latin America',0.72,'$7,305.22','0.35','0.58','0.16','0.67','0.03',1.87,'0.22',3.6,1.72,1.08,0.52,'77,667,594','48,175,052','-0.84%',1.61,'0.22%'),('Congo','Africa',0.57,'$1,943.69','0.22','0.09','0.38','0.47','0.1',1.29,'0.13',10.91,9.63,0.74,0.12,'5,212,302','4,980,996','1.63%',1.05,'0.01%'),('Costa Rica','Latin America',0.76,'$8,979.96','0.4','0.21','0.68','1.37','0.08',2.84,'0.38',1.53,-1.31,1.64,1.86,'8,328,890','4,899,345','2.16%',1.7,'0.02%'),('Croatia','Northern/Eastern Europe',0.82,'$14,522.80','0.74','0.13','0.72','2.21','0.06',3.92,'0.68',2.8,-1.12,2.27,1.4,'19,408,194','4,208,602','3.02%',4.61,'0.05%'),('Cuba','Latin America',0.77,'$5,175.94','0.48','0.11','0.09','1.23','0.02',1.95,'0.26',0.76,-1.19,1.13,2.56,'30,389,116','11,335,104','1.65%',2.68,'0.08%'),('Cyprus','European Union',0.85,'$31,454.70','0.77','0.08','0.23','2.94','0.14',4.21,'0.18',0.34,-3.87,2.43,12.35,'6,872,427','1,170,187','3.73%',5.87,'0.02%'),('Czech Republic (Czechia)','European Union',0.87,'$21,676.30','0.62','0.24','0.74','3.42','0.03',5.19,'0.94',2.46,-2.73,3,2.11,'111,825,428','10,618,857','1.39%',10.53,'0.31%'),('Denmark','European Union',0.92,'$61,413.60','1.18','0.47','0.77','2.6','0.24',5.51,'2.38',4.78,-0.73,3.18,1.15,'38,007,645','5,711,349','5.23%',6.65,'0.11%'),('Djibouti','Africa',0.46,'$1,433.17','','','','','',2.19,'',0.77,-1.42,1.27,2.84,'1,508,851','929,112','2.97%',1.62,'0.00%'),('Dominica','Latin America',0.72,'$7,088.01','0.64','0.15','0.14','1.47','0.17',2.57,'0.4',1.03,-1.54,1.49,2.49,'185,767','71,307','1.51%',2.61,'0.00%'),('Dominican Republic','Latin America',0.71,'$6,085.89','0.35','0.12','0.12','0.86','0.04',1.53,'0.22',0.56,-0.97,0.88,2.74,'23,466,740','10,397,741','2.88%',2.26,'0.07%'),('DR Congo','Africa',0.42,'$338.63','0.15','0.01','0.51','0.07','0.01',0.82,'0.13',3.07,2.25,0.47,0.27,'6,564,773','78,789,127','3.77%',0.08,'0.02%'),('Ecuador','Latin America',0.73,'$5,192.88','0.3','0.3','0.24','1.08','0.18',2.17,'0.32',2.2,0.03,1.25,0.99,'40,065,690','16,491,116','-4.85%',2.43,'0.11%'),('Egypt','Africa',0.69,'$2,930.33','0.68','0.08','0.17','1.02','0.04',2.15,'0.38',0.56,-1.59,1.24,3.86,'219,377,350','94,447,073','4.72%',2.32,'0.61%'),('El Salvador','Latin America',0.66,'$3,696.33','0.44','0.21','0.4','0.84','0.14',2.07,'0.27',0.61,-1.46,1.2,3.37,'6,853,766','6,356,143','0.45%',1.08,'0.02%'),('Eritrea','Africa',0.39,'$439.73','0.1','0.18','0.06','0.03','0.01',0.42,'0.07',1.3,0.88,0.24,0.32,'684,140','3,376,557','4.79%',0.2,'0.00%'),('Ethiopia','Africa',0.43,'$379.38','0.31','0.12','0.46','0.07','0',1.02,'0.31',0.58,-0.44,0.59,1.75,'10,438,855','103,603,462','4.03%',0.1,'0.03%'),('Fiji','Asia-Pacific',0.72,'$4,201.37','0.55','0.2','0.42','1.06','0.62',2.9,'0.28',2.37,-0.52,1.67,1.22,'1,703,193','872,399','7.28%',1.95,'0.00%'),('France','European Union',0.89,'$45,430.30','1.23','0.27','0.53','2.71','0.19',5.14,'1.67',3.11,-2.04,2.97,1.66,'331,533,320','64,667,596','2.11%',5.13,'0.93%'),('Gambia','Africa',0.44,'$505.76','0.46','0.05','0.2','0.21','0.08',1.03,'0.23',0.82,-0.21,0.6,1.25,'254,127','2,149,136','2.59%',0.12,'0.00%'),('Germany','European Union',0.91,'$46,822.40','1.1','0.14','0.48','3.28','0.05',5.3,'1.23',2.27,-3.02,3.06,2.33,'775,752,190','82,193,768','1.28%',9.44,'2.17%'),('Ghana','Africa',0.57,'$1,627.90','0.56','0.07','0.65','0.43','0.19',1.97,'0.67',1.35,-0.62,1.14,1.46,'14,469,986','28,481,945','3.54%',0.51,'0.04%'),('Greece','European Union',0.86,'$25,987.40','1.07','0.35','0.24','2.58','0.08',4.38,'1.01',1.61,-2.77,2.53,2.73,'67,840,662','10,615,185','-3.47%',6.39,'0.19%'),('Guatemala','Latin America',0.62,'$3,233.80','0.37','0.16','0.58','0.7','0.01',1.89,'0.38',0.99,-0.9,1.09,1.91,'18,539,316','16,583,076','2.42%',1.12,'0.05%'),('Guinea','Africa',0.41,'$459.09','0.39','0.32','0.45','0.16','0.05',1.41,'0.35',2.09,0.68,0.81,0.67,'2,071,798','11,738,429','3.20%',0.18,'0.01%'),('Guinea-Bissau','Africa',0.42,'$681.25','0.35','0.36','0.67','0.09','0.01',1.53,'0.48',3.03,1.49,0.89,0.51,'318,706','1,782,438','2.59%',0.18,'0.00%'),('Guyana','Latin America',0.63,'$3,269.46','0.7','0.22','0.77','1.25','0.06',3.07,'0.69',66.58,63.51,1.77,0.05,'3,253,057','771,368','1.61%',4.22,'0.01%'),('Haiti','Latin America',0.48,'$749.13','0.27','0.04','0.1','0.15','0.01',0.61,'0.18',0.27,-0.34,0.35,2.28,'3,086,897','10,839,970','1.71%',0.28,'0.01%'),('Hungary','European Union',0.82,'$13,964.20','0.42','0.08','0.36','1.9','0.02',2.92,'1.28',2.17,-0.75,1.69,1.34,'51,018,899','9,752,975','2.16%',5.23,'0.14%'),('India','Asia-Pacific',0.6,'$1,513.85','0.34','0.01','0.14','0.61','0.02',1.16,'0.35',0.45,-0.71,0.67,2.55,'2,533,638,100','1,324,517,249','4.71%',1.91,'7.09%'),('Indonesia','Asia-Pacific',0.68,'$3,688.53','0.44','0.03','0.2','0.64','0.21',1.58,'0.46',1.26,-0.32,0.91,1.25,'530,035,650','261,556,381','6.41%',2.03,'1.48%'),('Ireland','European Union',0.91,'$52,853.60','1.08','0.49','0.46','3.22','0.18',5.57,'0.84',3.73,-1.83,3.21,1.49,'39,086,565','4,695,779','5.09%',8.32,'0.11%'),('Israel','Middle East/Central Asia',0.89,'$33,718.90','0.89','0.22','0.36','4.59','0.07',6.22,'0.22',0.35,-5.87,3.59,17.59,'65,201,588','8,108,985','-0.38%',8.04,'0.18%'),('Italy','European Union',0.87,'$38,412.00','0.91','0.32','0.42','2.77','0.12',4.61,'0.58',1.08,-3.53,2.66,4.28,'358,139,550','60,663,060','0.84%',5.9,'1.00%'),('Japan','Asia-Pacific',0.89,'$46,201.60','0.53','0.1','0.27','3.69','0.33',5.02,'0.16',0.72,-4.3,2.9,7.01,'1,239,592,060','127,763,265','-1.21%',9.7,'3.47%'),('Jordan','Middle East/Central Asia',0.75,'$4,615.17','0.54','0.18','0.17','1.09','0.03',2.1,'0.09',0.21,-1.89,1.21,9.91,'22,772,370','9,554,286','1.83%',2.38,'0.06%'),('Kenya','Africa',0.54,'$1,062.11','0.25','0.23','0.27','0.2','0.05',1.03,'0.2',0.51,-0.52,0.6,2.02,'16,334,919','49,051,534','3.60%',0.33,'0.05%'),('Laos','Asia-Pacific',0.56,'$1,236.24','0.57','0.08','0.36','0.09','0.01',1.22,'0.57',1.62,0.4,0.7,0.75,'4,531,276','6,845,846','7.92%',0.66,'0.01%'),('Latvia','European Union',0.81,'$13,732.00','2.28','0.09','2.02','1.66','0.11',6.29,'3.1',9.55,3.26,3.63,0.66,'8,157,157','1,974,266','3.41%',4.13,'0.02%'),('Lebanon','Middle East/Central Asia',0.76,'$9,143.86','0.67','0.3','0.25','2.52','0.05',3.84,'0.16',0.33,-3.51,2.22,11.7,'21,863,288','6,714,281','1.95%',3.26,'0.06%'),('Lithuania','European Union',0.83,'$14,373.70','1.89','0.21','1.28','2.15','0.16',5.83,'3.03',5.67,-0.17,3.37,1.03,'13,685,264','2,889,557','2.66%',4.74,'0.04%'),('Luxembourg','European Union',0.89,'$114,665.00','1.1','0.76','1.03','12.65','0.13',15.82,'0.57',1.68,-14.14,9.14,9.44,'10,144,632','579,264','3.45%',17.51,'0.03%'),('Madagascar','Africa',0.51,'$456.33','0.27','0.34','0.24','0.07','0.02',0.99,'0.26',2.63,1.64,0.57,0.38,'3,026,047','24,894,370','2.85%',0.12,'0.01%'),('Malawi','Africa',0.43,'$493.84','0.43','0.05','0.2','0.07','0.01',0.81,'0.45',0.66,-0.15,0.47,1.22,'1,815,598','17,205,261','3.26%',0.11,'0.01%'),('Mali','Africa',0.41,'$741.22','0.52','0.66','0.17','0.1','0.03',1.53,'0.51',1.58,0.05,0.88,0.97,'1,606,421','17,965,443','2.57%',0.09,'0.00%'),('Mauritius','Africa',0.77,'$8,811.15','0.52','0.22','0.18','1.99','0.55',3.46,'0.14',0.71,-2.75,2,4.89,'3,192,307','1,261,865','0.00%',2.53,'0.01%'),('Mexico','Latin America',0.75,'$10,123.90','0.55','0.24','0.25','1.74','0.06',2.89,'0.37',1.27,-1.62,1.67,2.27,'441,412,750','123,333,376','-2.13%',3.58,'1.23%'),('Moldova','Northern/Eastern Europe',0.68,'$1,971.03','0.43','0.08','0.15','1.03','0.06',1.78,'0.59',0.8,-0.98,1.03,2.23,'8,258,774','4,066,009','2.99%',2.03,'0.02%'),('Montenegro','Northern/Eastern Europe',0.8,'$7,251.60','0.64','0.33','0.62','2.13','0.05',3.78,'0.14',3.24,-0.54,2.19,1.17,'16,249,039','627,264','2.27%',25.9,'0.05%'),('Morocco','Africa',0.62,'$3,149.43','0.6','0.17','0.14','0.67','0.06',1.68,'0.34',0.71,-0.96,0.97,2.35,'57,694,464','35,126,283','0.54%',1.64,'0.16%'),('Mozambique','Africa',0.41,'$538.82','0.31','0.03','0.29','0.17','0.03',0.87,'0.28',2.06,1.19,0.5,0.42,'5,859,171','27,829,938','2.22%',0.21,'0.02%'),('Myanmar','Asia-Pacific',0.53,'$1,117.58','0.8','0.01','0.32','0.09','0.1',1.43,'0.88',1.84,0.41,0.83,0.78,'16,701,776','53,045,201','5.61%',0.31,'0.05%'),('Nepal','Asia-Pacific',0.54,'$700.07','0.43','0.07','0.21','0.16','0',0.98,'0.37',0.59,-0.38,0.56,1.65,'7,833,787','27,263,433','10.10%',0.29,'0.02%'),('Netherlands','European Union',0.92,'$53,589.90','0.76','0.58','0.38','3.23','0.16',5.28,'0.45',1.17,-4.11,3.05,4.53,'163,419,285','16,981,295','1.63%',9.62,'0.46%'),('Nicaragua','Latin America',0.63,'$1,626.85','0.34','0.12','0.42','0.45','0.03',1.39,'0.4',2.25,0.87,0.8,0.62,'5,325,447','6,303,974','1.86%',0.84,'0.01%'),('Niger','Africa',0.34,'$410.91','0.67','0.48','0.26','0.1','0.02',1.56,'0.65',1.24,-0.32,0.9,1.26,'2,088,475','20,788,798','0.15%',0.1,'0.01%'),('Nigeria','Africa',0.5,'$2,612.12','0.53','0.1','0.19','0.21','0.08',1.16,'0.5',0.7,-0.47,0.67,1.67,'82,634,214','185,960,241','0.70%',0.44,'0.23%'),('North Macedonia','Northern/Eastern Europe',0.74,'$5,174.89','0.62','0.21','0.31','2.06','0.03',3.26,'0.38',1.51,-1.75,1.88,2.16,'8,896,732','2,080,743','1.62%',4.28,'0.02%'),('Norway','Northern/Eastern Europe',0.94,'$100,172.00','','','','','',4.98,'',8.18,3.19,2.88,0.61,'43,456,012','5,250,949','0.85%',8.28,'0.12%'),('Pakistan','Asia-Pacific',0.53,'$1,218.60','0.27','0.01','0.08','0.38','0.02',0.79,'0.26',0.35,-0.44,0.46,2.28,'178,013,820','203,631,353','9.13%',0.87,'0.50%'),('Peru','Latin America',0.73,'$5,684.73','0.5','0.51','0.19','0.67','0.33',2.28,'0.36',3.97,1.69,1.32,0.57,'57,692,879','30,926,032','8.16%',1.87,'0.16%'),('Philippines','Asia-Pacific',0.66,'$2,379.44','0.36','0.03','0.09','0.34','0.23',1.1,'0.32',0.54,-0.56,0.64,2.03,'126,922,662','103,663,816','12.37%',1.22,'0.35%'),('Poland','European Union',0.84,'$13,769.50','0.84','0.04','0.78','2.64','0.05',4.44,'1.05',2.08,-2.36,2.57,2.14,'296,659,670','37,989,220','2.67%',7.81,'0.83%'),('Portugal','European Union',0.83,'$23,217.30','1.03','0.25','0.09','2.15','0.31',3.88,'0.47',1.51,-2.37,2.24,2.57,'50,142,844','10,325,538','-2.36%',4.86,'0.14%'),('Romania','European Union',0.79,'$9,213.94','0.72','0.05','0.33','1.46','0.03',2.71,'0.87',2.32,-0.39,1.56,1.17,'78,770,824','19,796,285','1.69%',3.98,'0.22%'),('Russia','Northern/Eastern Europe',0.79,'$13,320.20','0.77','0.15','0.67','3.87','0.19',5.69,'0.85',6.79,1.1,3.29,0.84,'1,661,899,300','145,275,383','-2.13%',11.44,'4.65%'),('Rwanda','Africa',0.48,'$628.08','0.43','0.05','0.25','0.07','0.01',0.87,'0.42',0.54,-0.32,0.5,1.6,'1,403,087','11,668,827','2.88%',0.12,'0.00%'),('Senegal','Africa',0.46,'$1,079.27','0.34','0.21','0.21','0.3','0.12',1.21,'0.21',1.05,-0.16,0.7,1.16,'8,247,295','14,993,519','3.69%',0.55,'0.02%'),('Serbia','Northern/Eastern Europe',0.76,'$6,426.18','0.49','0.02','0.46','1.66','0.02',2.7,'0.73',1.25,-1.44,1.56,2.15,'41,168,059','8,853,963','2.27%',4.65,'0.12%'),('Sierra Leone','Africa',0.4,'$499.89','0.47','0.11','0.38','0.07','0.15',1.24,'0.42',1.24,0,0.71,1,'1,272,332','7,328,834','3.43%',0.17,'0.00%'),('Singapore','Asia-Pacific',0.91,'$53,122.40','0.67','0.24','0.91','5.91','0.22',7.97,'0',0.05,-7.92,4.61,159.47,'48,381,759','5,653,634','2.56%',8.56,'0.14%'),('Slovakia','European Union',0.84,'$18,103.10','0.31','0.08','0.72','2.82','0.03',4.06,'0.71',2.71,-1.35,2.35,1.5,'36,817,242','5,442,003','1.74%',6.77,'0.10%'),('Slovenia','European Union',0.88,'$25,040.50','0.64','0.17','0.65','4.27','0.05',5.81,'0.37',2.35,-3.47,3.36,2.48,'14,722,601','2,074,210','2.35%',7.1,'0.04%'),('South Africa','Africa',0.66,'$8,089.87','0.44','0.11','0.29','2.34','0.08',3.31,'0.35',1.15,-2.16,1.91,2.87,'390,557,850','56,207,646','-0.49%',6.95,'1.09%'),('South Korea','Asia-Pacific',0.89,'$24,155.80','0.71','0.12','0.21','4.17','0.41',5.69,'0.13',0.68,-5.01,3.29,8.36,'604,043,830','50,983,457','0.45%',11.85,'1.69%'),('Spain','European Union',0.87,'$32,008.70','0.78','0.15','0.17','2.22','0.32',3.67,'0.72',1.25,-2.42,2.12,2.94,'251,892,320','46,634,140','-3.12%',5.4,'0.70%'),('Sri Lanka','Asia-Pacific',0.75,'$2,880.03','0.31','0.01','0.16','0.52','0.27',1.32,'0.26',0.44,-0.88,0.77,3.01,'18,454,691','21,021,171','8.55%',0.88,'0.05%'),('St. Vincent & Grenadines','Latin America',0.72,'$6,171.48','','','','','',3.11,'',1.26,-1.85,1.79,2.47,'362,414','109,459','1.51%',3.31,'0.00%'),('Sweden','European Union',0.9,'$59,381.90','1.47','0.27','1.3','3.88','0.09',7.25,'1.31',10.62,3.38,4.19,0.68,'44,694,415','9,836,007','4.33%',4.54,'0.13%'),('Switzerland','Northern/Eastern Europe',0.93,'$88,506.20','0.75','0.22','0.38','4.26','0.07',5.79,'0.32',1.3,-4.48,3.34,4.44,'39,666,930','8,379,917','-2.30%',4.73,'0.11%'),('Syria','Middle East/Central Asia',0.62,'','0.52','0.09','0.04','0.81','0.01',1.51,'0.41',0.6,-0.91,0.87,2.5,'38,054,696','17,465,575','1.78%',2.18,'0.11%'),('Tajikistan','Middle East/Central Asia',0.62,'$836.17','0.46','0.14','0.1','0.13','0',0.91,'0.29',0.53,-0.38,0.52,1.71,'6,049,757','8,663,579','3.37%',0.7,'0.02%'),('Tanzania','Africa',0.51,'$765.33','0.44','0.34','0.23','0.17','0.09',1.32,'0.46',1.08,-0.24,0.76,1.23,'9,731,560','53,049,230','2.50%',0.18,'0.03%'),('Thailand','Asia-Pacific',0.72,'$5,479.29','0.67','0.02','0.24','1.54','0.13',2.66,'0.77',1.24,-1.42,1.54,2.14,'271,040,160','68,971,308','1.55%',3.93,'0.76%'),('Togo','Africa',0.47,'$580.86','0.34','0.1','0.27','0.31','0.08',1.13,'0.34',0.53,-0.6,0.65,2.13,'2,321,546','7,509,951','5.47%',0.31,'0.01%'),('Tunisia','Africa',0.72,'$4,305.07','0.76','0.09','0.28','1.11','0.06',2.34,'0.53',0.93,-1.4,1.35,2.51,'29,395,965','11,303,945','0.82%',2.6,'0.08%'),('Turkey','Middle East/Central Asia',0.76,'$10,437.70','0.87','0.12','0.34','1.92','0.04',3.33,'0.75',1.52,-1.81,1.92,2.19,'368,122,740','79,827,871','5.25%',4.61,'1.03%'),('Turkmenistan','Middle East/Central Asia',0.68,'$5,290.14','0.73','0.44','0.08','4.13','0.01',5.47,'0.6',2.79,-2.68,3.16,1.96,'79,279,216','5,662,368','0.63%',14,'0.22%'),('Uganda','Africa',0.48,'$601.35','0.34','0.15','0.54','0.08','0.11',1.24,'0.35',0.59,-0.66,0.72,2.12,'5,009,493','39,649,166','3.82%',0.13,'0.01%'),('Ukraine','Northern/Eastern Europe',0.74,'$3,589.63','0.62','0.01','0.16','1.92','0.06',2.84,'1.5',2.27,-0.58,1.64,1.25,'233,220,080','44,713,702','8.03%',5.22,'0.65%'),('United Arab Emirates','Middle East/Central Asia',0.83,'$40,817.40','0.8','0.19','0.38','6.37','0.19',7.93,'0.02',0.56,-7.37,4.58,14.1607142857143,'218,788,684','9,360,980','4.43%',23.37,'0.61%'),('United Kingdom','European Union',0.9,'$40,980.50','0.82','0.28','0.45','3.14','0.08',4.94,'0.6',1.32,-3.62,2.85,3.76,'367,860,350','66,297,944','-6.38%',5.55,'1.03%'),('United States','North America',0.91,'$49,725.00','1.13','0.3','0.67','5.9','0.12',8.22,'1.49',3.76,-4.46,4.75,2.19,'5,011,686,600','323,015,995','-2.01%',15.52,'14.02%'),('Uzbekistan','Middle East/Central Asia',0.67,'$1,560.85','0.62','0.13','0.08','1.41','0',2.32,'0.56',0.92,-1.4,1.34,2.52,'109,347,340','31,441,751','1.60%',3.48,'0.31%'),('Venezuela','Latin America',0.763846,'$10,237.80','0.45','0.74','0.12','2.13','0.09',3.57,'0.14',2.78,-0.79,2.06,1.28,'175,884,256','29,851,255','-1.90%',5.89,'0.49%'),('Vietnam','Asia-Pacific',0.66,'$1,532.31','0.5','0.01','0.19','0.79','0.05',1.65,'0.55',1,-0.65,0.95,1.66,'206,042,140','93,640,422','0.09%',2.2,'0.58%'),('Yemen','Middle East/Central Asia',0.5,'$1,302.30','0.34','0.14','0.04','0.42','0.04',1.03,'0.09',0.5,-0.53,0.59,2.06,'25,647,990','27,168,208','1.62%',0.94,'0.07%'),('Zambia','Africa',0.58,'$1,740.64','0.19','0.18','0.33','0.24','0.01',0.99,'0.24',2.23,1.24,0.57,0.44,'4,230,584','16,363,458','3.67%',0.26,'0.01%'),('Zimbabwe','Africa',0.49,'$865.91','0.2','0.32','0.29','0.53','0.01',1.37,'0.15',0.62,-0.75,0.79,2.2,'10,062,628','14,030,331','-4.17%',0.72,'0.03%');
/*!40000 ALTER TABLE `mergedtable` ENABLE KEYS */;
UNLOCK TABLES;
/*!40103 SET TIME_ZONE=@OLD_TIME_ZONE */;

/*!40101 SET SQL_MODE=@OLD_SQL_MODE */;
/*!40014 SET FOREIGN_KEY_CHECKS=@OLD_FOREIGN_KEY_CHECKS */;
/*!40014 SET UNIQUE_CHECKS=@OLD_UNIQUE_CHECKS */;
/*!40101 SET CHARACTER_SET_CLIENT=@OLD_CHARACTER_SET_CLIENT */;
/*!40101 SET CHARACTER_SET_RESULTS=@OLD_CHARACTER_SET_RESULTS */;
/*!40101 SET COLLATION_CONNECTION=@OLD_COLLATION_CONNECTION */;
/*!40111 SET SQL_NOTES=@OLD_SQL_NOTES */;

-- Dump completed on 2023-05-15 18:14:03
